{
  "step": 6999,
  "psnr": 27.044811248779297,
  "ssim": 0.9492546916007996,
  "lpips": 0.08481264114379883,
  "render_time_per_image": 0.001662522554397583,
  "num_gs": 421048
}