{
  "step": 6999,
  "elapsed": 51.05265951156616,
  "num_gs": 421048,
  "mem_gb": 5.452175140380859
}